pc_pickup,pc_delivery,nbr_packages,hour,id_scenario,probability,nbS,mean
75008,75017,1,2,2,0.3697,4,1
75002,75015,1,3,2,0.37,4,1
75007,75017,1,4,4,0.2299,12,1
75016,75116,1,4,4,0.2299,12,1
75009,75015,1,4,4,0.2299,12,1
75008,75009,2,5,5,0.1952,15,1
75008,75020,1,5,5,0.1952,15,1
75012,75012,1,5,5,0.1952,15,1
75010,75014,1,6,6,0.1774,16,1
75007,75018,2,6,6,0.1774,16,1
75009,75009,1,6,6,0.1774,16,1
75016,75018,1,6,6,0.1774,16,1
75006,75009,3,7,7,0.1592,17,1
75015,75015,2,7,7,0.1592,17,1
75009,75009,1,7,7,0.1592,17,1
75013,75015,1,8,7,0.1564,19,1
75009,75010,1,8,7,0.1564,19,1
75009,75013,2,8,7,0.1564,19,1
75007,75011,1,8,7,0.1564,19,1
75009,75018,1,8,7,0.1564,19,1
75016,75116,1,9,7,0.1609,20,1
75010,75011,2,9,7,0.1609,20,1
75008,75009,1,9,7,0.1609,20,1
75010,75017,1,9,7,0.1609,20,1
75007,75017,1,9,7,0.1609,20,1
75008,75013,3,10,7,0.158,18,1
75001,75019,1,10,7,0.158,18,1
75003,75011,1,10,7,0.158,18,1
75006,75015,1,10,7,0.158,18,1
75011,75018,2,11,6,0.1759,16,1
75008,75016,1,11,6,0.1759,16,1
75001,75008,1,11,6,0.1759,16,1
75016,75019,1,11,6,0.1759,16,1
75011,75016,1,12,5,0.1958,14,1
75015,75018,1,12,5,0.1958,14,1
75009,75009,1,12,5,0.1958,14,1
75011,75019,1,12,5,0.1958,14,1
75011,75018,1,13,4,0.225,11,1
75009,75014,1,13,4,0.225,11,1
75009,75019,1,13,4,0.225,11,1
75011,75014,1,14,2,0.3708,4,1
75008,75020,1,15,2,0.3742,4,1
75008,75017,1,2,3,0.1815,4,0
75018,75116,1,2,3,0.1815,4,0
75008,75017,1,2,4,0.0598,4,0
75006,75017,1,2,4,0.0598,4,0
75003,75012,1,2,4,0.0598,4,0
75002,75015,1,3,3,0.1808,4,0
75011,75015,1,3,3,0.1808,4,0
75002,75015,1,3,4,0.0642,4,0
75012,75015,1,3,4,0.0642,4,0
75001,75017,1,3,4,0.0642,4,0
75009,75015,1,4,2,0.1414,12,0
75007,75017,1,4,3,0.2256,12,0
75009,75015,1,4,3,0.2256,12,0
75009,75015,1,4,5,0.1632,12,0
75007,75017,1,4,5,0.1632,12,0
75016,75116,1,4,5,0.1632,12,0
75008,75014,1,4,5,0.1632,12,0
75009,75015,1,4,6,0.1022,12,0
75007,75017,1,4,6,0.1022,12,0
75016,75116,1,4,6,0.1022,12,0
75001,75007,1,4,6,0.1022,12,0
75015,75017,1,4,6,0.1022,12,0
75009,75015,1,4,7,0.0498,12,0
75007,75017,1,4,7,0.0498,12,0
75016,75116,1,4,7,0.0498,12,0
75008,75019,1,4,7,0.0498,12,0
75005,75009,1,4,7,0.0498,12,0
75001,75005,1,4,7,0.0498,12,0
75009,75015,1,4,8,0.0222,12,0
75007,75017,1,4,8,0.0222,12,0
75016,75116,1,4,8,0.0222,12,0
75008,75016,1,4,8,0.0222,12,0
75011,75019,1,4,8,0.0222,12,0
75009,75017,1,4,8,0.0222,12,0
75009,75017,1,4,8,0.0222,12,0
75009,75015,1,4,9,0.0079,12,0
75007,75017,1,4,9,0.0079,12,0
75016,75116,1,4,9,0.0079,12,0
75016,75016,1,4,9,0.0079,12,0
75008,75015,1,4,9,0.0079,12,0
75010,75014,1,4,9,0.0079,12,0
75009,75017,1,4,9,0.0079,12,0
75001,75009,1,4,9,0.0079,12,0
75009,75015,1,4,10,0.0024,12,0
75007,75017,1,4,10,0.0024,12,0
75016,75116,1,4,10,0.0024,12,0
75011,75116,1,4,10,0.0024,12,0
75006,75019,1,4,10,0.0024,12,0
75009,75020,1,4,10,0.0024,12,0
75009,75016,1,4,10,0.0024,12,0
75009,75011,1,4,10,0.0024,12,0
75008,75014,1,4,10,0.0024,12,0
75009,75015,1,4,11,0.0012,12,0
75007,75017,1,4,11,0.0012,12,0
75016,75116,1,4,11,0.0012,12,0
75008,75017,1,4,11,0.0012,12,0
75003,75020,1,4,11,0.0012,12,0
75009,75116,1,4,11,0.0012,12,0
75008,75011,1,4,11,0.0012,12,0
75012,75017,1,4,11,0.0012,12,0
75018,75019,1,4,11,0.0012,12,0
75009,75009,1,4,11,0.0012,12,0
75009,75015,1,4,12,0.0004,12,0
75007,75017,1,4,12,0.0004,12,0
75016,75116,1,4,12,0.0004,12,0
75014,75019,1,4,12,0.0004,12,0
75008,75008,1,4,12,0.0004,12,0
75003,75006,1,4,12,0.0004,12,0
75008,75014,1,4,12,0.0004,12,0
75007,75009,1,4,12,0.0004,12,0
75009,75015,1,4,12,0.0004,12,0
75016,75017,1,4,12,0.0004,12,0
75017,75017,1,4,12,0.0004,12,0
75008,75009,1,5,2,0.0704,15,0
75008,75009,1,5,2,0.0704,15,0
75012,75012,1,5,2,0.0704,15,0
75008,75009,1,5,3,0.1471,15,0
75008,75009,2,5,3,0.1471,15,0
75008,75009,2,5,3,0.1471,15,0
75008,75009,1,5,4,0.1897,15,0
75008,75009,2,5,4,0.1897,15,0
75012,75012,1,5,4,0.1897,15,0
75008,75009,2,5,4,0.1897,15,0
75008,75009,2,5,6,0.1577,15,0
75012,75012,1,5,6,0.1577,15,0
75008,75020,1,5,6,0.1577,15,0
75002,75011,1,5,6,0.1577,15,0
75008,75009,2,5,7,0.1034,15,0
75012,75012,1,5,7,0.1034,15,0
75008,75020,1,5,7,0.1034,15,0
75015,75019,1,5,7,0.1034,15,0
75009,75116,1,5,7,0.1034,15,0
75008,75009,2,5,8,0.0633,15,0
75012,75012,1,5,8,0.0633,15,0
75008,75020,1,5,8,0.0633,15,0
75008,75017,1,5,8,0.0633,15,0
75009,75014,1,5,8,0.0633,15,0
75001,75020,1,5,8,0.0633,15,0
75008,75009,2,5,9,0.0322,15,0
75012,75012,1,5,9,0.0322,15,0
75008,75020,1,5,9,0.0322,15,0
75001,75013,1,5,9,0.0322,15,0
75012,75017,1,5,9,0.0322,15,0
75004,75011,1,5,9,0.0322,15,0
75014,75015,1,5,9,0.0322,15,0
75008,75009,2,5,10,0.0134,15,0
75012,75012,1,5,10,0.0134,15,0
75008,75020,1,5,10,0.0134,15,0
75012,75014,1,5,10,0.0134,15,0
75013,75017,1,5,10,0.0134,15,0
75008,75011,1,5,10,0.0134,15,0
75014,75015,1,5,10,0.0134,15,0
75001,75016,1,5,10,0.0134,15,0
75008,75009,2,5,11,0.0049,15,0
75012,75012,1,5,11,0.0049,15,0
75008,75020,1,5,11,0.0049,15,0
75003,75010,1,5,11,0.0049,15,0
75001,75009,1,5,11,0.0049,15,0
75009,75011,1,5,11,0.0049,15,0
75010,75016,1,5,11,0.0049,15,0
75009,75017,1,5,11,0.0049,15,0
75008,75018,1,5,11,0.0049,15,0
75008,75009,2,5,12,0.0014,15,0
75012,75012,1,5,12,0.0014,15,0
75008,75020,1,5,12,0.0014,15,0
75001,75015,1,5,12,0.0014,15,0
75009,75017,1,5,12,0.0014,15,0
75019,75020,1,5,12,0.0014,15,0
75006,75116,1,5,12,0.0014,15,0
75009,75015,1,5,12,0.0014,15,0
75008,75009,1,5,12,0.0014,15,0
75016,75116,1,5,12,0.0014,15,0
75008,75009,2,5,13,0.0003,15,0
75012,75012,1,5,13,0.0003,15,0
75008,75020,1,5,13,0.0003,15,0
75014,75020,1,5,13,0.0003,15,0
75009,75013,1,5,13,0.0003,15,0
75003,75011,1,5,13,0.0003,15,0
75012,75015,1,5,13,0.0003,15,0
75009,75016,1,5,13,0.0003,15,0
75009,75116,1,5,13,0.0003,15,0
75008,75018,1,5,13,0.0003,15,0
75012,75013,1,5,13,0.0003,15,0
75008,75009,2,5,14,0.0004,15,0
75012,75012,1,5,14,0.0004,15,0
75008,75020,1,5,14,0.0004,15,0
75011,75116,1,5,14,0.0004,15,0
75011,75013,1,5,14,0.0004,15,0
75007,75018,1,5,14,0.0004,15,0
75013,75014,1,5,14,0.0004,15,0
75001,75016,1,5,14,0.0004,15,0
75010,75017,1,5,14,0.0004,15,0
75009,75020,1,5,14,0.0004,15,0
75009,75009,1,5,14,0.0004,15,0
75009,75018,1,5,14,0.0004,15,0
75008,75009,2,5,15,0.0001,15,0
75012,75012,1,5,15,0.0001,15,0
75008,75020,1,5,15,0.0001,15,0
75008,75009,1,5,15,0.0001,15,0
75009,75015,1,5,15,0.0001,15,0
75010,75017,1,5,15,0.0001,15,0
75001,75007,1,5,15,0.0001,15,0
75008,75010,1,5,15,0.0001,15,0
75003,75013,1,5,15,0.0001,15,0
75013,75016,1,5,15,0.0001,15,0
75015,75019,1,5,15,0.0001,15,0
75009,75019,1,5,15,0.0001,15,0
75011,75015,1,5,15,0.0001,15,0
75007,75018,1,6,2,0.0347,16,0
75007,75018,1,6,2,0.0347,16,0
75007,75018,2,6,2,0.0347,16,0
75007,75018,1,6,3,0.0817,16,0
75007,75018,1,6,3,0.0817,16,0
75007,75018,1,6,3,0.0817,16,0
75009,75009,1,6,3,0.0817,16,0
75010,75014,1,6,3,0.0817,16,0
75007,75018,1,6,4,0.1438,16,0
75007,75018,1,6,4,0.1438,16,0
75009,75009,1,6,4,0.1438,16,0
75007,75018,2,6,4,0.1438,16,0
75016,75018,1,6,4,0.1438,16,0
75007,75018,1,6,5,0.1834,16,0
75016,75018,1,6,5,0.1834,16,0
75016,75018,1,6,5,0.1834,16,0
75016,75018,1,6,5,0.1834,16,0
75009,75009,1,6,5,0.1834,16,0
75009,75009,1,6,7,0.1436,16,0
75016,75018,1,6,7,0.1436,16,0
75010,75014,1,6,7,0.1436,16,0
75007,75018,2,6,7,0.1436,16,0
75005,75012,1,6,7,0.1436,16,0
75009,75009,1,6,8,0.0973,16,0
75016,75018,1,6,8,0.0973,16,0
75010,75014,1,6,8,0.0973,16,0
75007,75018,2,6,8,0.0973,16,0
75015,75016,1,6,8,0.0973,16,0
75005,75009,1,6,8,0.0973,16,0
75009,75009,1,6,9,0.0634,16,0
75016,75018,1,6,9,0.0634,16,0
75010,75014,1,6,9,0.0634,16,0
75007,75018,2,6,9,0.0634,16,0
75010,75011,1,6,9,0.0634,16,0
75008,75015,1,6,9,0.0634,16,0
75009,75017,1,6,9,0.0634,16,0
75009,75009,1,6,10,0.0338,16,0
75016,75018,1,6,10,0.0338,16,0
75010,75014,1,6,10,0.0338,16,0
75007,75018,2,6,10,0.0338,16,0
75001,75018,1,6,10,0.0338,16,0
75020,75020,1,6,10,0.0338,16,0
75011,75116,1,6,10,0.0338,16,0
75007,75008,1,6,10,0.0338,16,0
75009,75009,1,6,11,0.0197,16,0
75016,75018,1,6,11,0.0197,16,0
75010,75014,1,6,11,0.0197,16,0
75007,75018,2,6,11,0.0197,16,0
75004,75006,1,6,11,0.0197,16,0
75001,75014,1,6,11,0.0197,16,0
75008,75017,1,6,11,0.0197,16,0
75012,75013,1,6,11,0.0197,16,0
75001,75006,1,6,11,0.0197,16,0
75009,75009,1,6,12,0.0085,16,0
75016,75018,1,6,12,0.0085,16,0
75010,75014,1,6,12,0.0085,16,0
75007,75018,2,6,12,0.0085,16,0
75014,75017,1,6,12,0.0085,16,0
75008,75014,1,6,12,0.0085,16,0
75008,75116,1,6,12,0.0085,16,0
75011,75015,1,6,12,0.0085,16,0
75008,75020,1,6,12,0.0085,16,0
75003,75015,1,6,12,0.0085,16,0
75009,75009,1,6,13,0.0031,16,0
75016,75018,1,6,13,0.0031,16,0
75010,75014,1,6,13,0.0031,16,0
75007,75018,2,6,13,0.0031,16,0
75003,75005,1,6,13,0.0031,16,0
75009,75016,1,6,13,0.0031,16,0
75007,75020,1,6,13,0.0031,16,0
75009,75014,1,6,13,0.0031,16,0
75003,75019,1,6,13,0.0031,16,0
75002,75011,1,6,13,0.0031,16,0
75008,75014,1,6,13,0.0031,16,0
75009,75009,1,6,14,0.0019,16,0
75016,75018,1,6,14,0.0019,16,0
75010,75014,1,6,14,0.0019,16,0
75007,75018,2,6,14,0.0019,16,0
75007,75017,1,6,14,0.0019,16,0
75010,75011,1,6,14,0.0019,16,0
75010,75015,1,6,14,0.0019,16,0
75002,75012,1,6,14,0.0019,16,0
75008,75011,1,6,14,0.0019,16,0
75016,75019,1,6,14,0.0019,16,0
75006,75018,1,6,14,0.0019,16,0
75006,75009,1,6,14,0.0019,16,0
75009,75009,1,6,15,0.0005,16,0
75016,75018,1,6,15,0.0005,16,0
75010,75014,1,6,15,0.0005,16,0
75007,75018,2,6,15,0.0005,16,0
75008,75009,1,6,15,0.0005,16,0
75008,75116,1,6,15,0.0005,16,0
75015,75016,1,6,15,0.0005,16,0
75011,75014,1,6,15,0.0005,16,0
75003,75015,1,6,15,0.0005,16,0
75016,75017,1,6,15,0.0005,16,0
75009,75011,1,6,15,0.0005,16,0
75005,75009,1,6,15,0.0005,16,0
75015,75019,1,6,15,0.0005,16,0
75009,75009,1,6,16,0.0003,16,0
75016,75018,1,6,16,0.0003,16,0
75010,75014,1,6,16,0.0003,16,0
75007,75018,2,6,16,0.0003,16,0
75017,75020,1,6,16,0.0003,16,0
75014,75020,1,6,16,0.0003,16,0
75001,75001,1,6,16,0.0003,16,0
75016,75016,1,6,16,0.0003,16,0
75006,75009,1,6,16,0.0003,16,0
75008,75009,1,6,16,0.0003,16,0
75014,75016,1,6,16,0.0003,16,0
75009,75014,1,6,16,0.0003,16,0
75009,75015,1,6,16,0.0003,16,0
75001,75002,1,6,16,0.0003,16,0
75006,75009,2,7,2,0.0164,17,0
75006,75009,2,7,2,0.0164,17,0
75006,75009,2,7,2,0.0164,17,0
75015,75015,2,7,2,0.0164,17,0
75006,75009,2,7,3,0.044,17,0
75006,75009,2,7,3,0.044,17,0
75015,75015,1,7,3,0.044,17,0
75015,75015,2,7,3,0.044,17,0
75015,75015,2,7,3,0.044,17,0
75015,75015,1,7,4,0.092,17,0
75006,75009,2,7,4,0.092,17,0
75009,75009,1,7,4,0.092,17,0
75009,75009,1,7,4,0.092,17,0
75006,75009,3,7,4,0.092,17,0
75006,75009,2,7,5,0.1283,17,0
75006,75009,2,7,5,0.1283,17,0
75009,75009,1,7,5,0.1283,17,0
75015,75015,2,7,5,0.1283,17,0
75015,75015,2,7,5,0.1283,17,0
75009,75009,1,7,5,0.1283,17,0
75006,75009,2,7,6,0.1609,17,0
75015,75015,2,7,6,0.1609,17,0
75006,75009,3,7,6,0.1609,17,0
75009,75009,1,7,6,0.1609,17,0
75006,75009,3,7,6,0.1609,17,0
75009,75009,1,7,6,0.1609,17,0
75009,75009,1,7,8,0.139,17,0
75006,75009,3,7,8,0.139,17,0
75015,75015,2,7,8,0.139,17,0
75009,75116,1,7,8,0.139,17,0
75009,75009,1,7,9,0.1061,17,0
75006,75009,3,7,9,0.1061,17,0
75015,75015,2,7,9,0.1061,17,0
75002,75015,1,7,9,0.1061,17,0
75009,75015,1,7,9,0.1061,17,0
75009,75009,1,7,10,0.0685,17,0
75006,75009,3,7,10,0.0685,17,0
75015,75015,2,7,10,0.0685,17,0
75011,75018,1,7,10,0.0685,17,0
75012,75015,1,7,10,0.0685,17,0
75009,75020,1,7,10,0.0685,17,0
75009,75009,1,7,11,0.0395,17,0
75006,75009,3,7,11,0.0395,17,0
75015,75015,2,7,11,0.0395,17,0
75006,75011,1,7,11,0.0395,17,0
75015,75017,1,7,11,0.0395,17,0
75011,75019,1,7,11,0.0395,17,0
75005,75008,1,7,11,0.0395,17,0
75009,75009,1,7,12,0.0217,17,0
75006,75009,3,7,12,0.0217,17,0
75015,75015,2,7,12,0.0217,17,0
75009,75016,1,7,12,0.0217,17,0
75009,75014,1,7,12,0.0217,17,0
75014,75015,1,7,12,0.0217,17,0
75017,75116,1,7,12,0.0217,17,0
75009,75017,1,7,12,0.0217,17,0
75009,75009,1,7,13,0.0143,17,0
75006,75009,3,7,13,0.0143,17,0
75015,75015,2,7,13,0.0143,17,0
75013,75019,1,7,13,0.0143,17,0
75014,75017,1,7,13,0.0143,17,0
75003,75007,1,7,13,0.0143,17,0
75001,75014,1,7,13,0.0143,17,0
75007,75018,1,7,13,0.0143,17,0
75003,75009,1,7,13,0.0143,17,0
75009,75009,1,7,14,0.0051,17,0
75006,75009,3,7,14,0.0051,17,0
75015,75015,2,7,14,0.0051,17,0
75011,75016,1,7,14,0.0051,17,0
75008,75017,1,7,14,0.0051,17,0
75011,75013,1,7,14,0.0051,17,0
75011,75020,1,7,14,0.0051,17,0
75007,75008,1,7,14,0.0051,17,0
75015,75016,1,7,14,0.0051,17,0
75009,75015,1,7,14,0.0051,17,0
75009,75009,1,7,15,0.0025,17,0
75006,75009,3,7,15,0.0025,17,0
75015,75015,2,7,15,0.0025,17,0
75008,75019,1,7,15,0.0025,17,0
75017,75020,1,7,15,0.0025,17,0
75016,75018,1,7,15,0.0025,17,0
75012,75016,1,7,15,0.0025,17,0
75015,75017,1,7,15,0.0025,17,0
75009,75015,1,7,15,0.0025,17,0
75011,75011,1,7,15,0.0025,17,0
75007,75009,1,7,15,0.0025,17,0
75009,75009,1,7,16,0.0002,17,0
75006,75009,3,7,16,0.0002,17,0
75015,75015,2,7,16,0.0002,17,0
75009,75012,1,7,16,0.0002,17,0
75008,75010,1,7,16,0.0002,17,0
75009,75018,1,7,16,0.0002,17,0
75014,75014,1,7,16,0.0002,17,0
75001,75018,1,7,16,0.0002,17,0
75017,75017,1,7,16,0.0002,17,0
75010,75012,1,7,16,0.0002,17,0
75007,75011,1,7,16,0.0002,17,0
75014,75014,1,7,16,0.0002,17,0
75009,75009,1,7,17,0.0002,17,0
75006,75009,3,7,17,0.0002,17,0
75015,75015,2,7,17,0.0002,17,0
75017,75116,1,7,17,0.0002,17,0
75017,75020,1,7,17,0.0002,17,0
75006,75018,1,7,17,0.0002,17,0
75009,75014,1,7,17,0.0002,17,0
75009,75019,1,7,17,0.0002,17,0
75007,75014,1,7,17,0.0002,17,0
75006,75019,1,7,17,0.0002,17,0
75014,75019,1,7,17,0.0002,17,0
75009,75010,1,7,17,0.0002,17,0
75012,75017,1,7,17,0.0002,17,0
75009,75013,1,8,2,0.0143,19,0
75009,75013,1,8,2,0.0143,19,0
75009,75013,1,8,2,0.0143,19,0
75007,75011,1,8,2,0.0143,19,0
75009,75013,1,8,3,0.0463,19,0
75009,75013,1,8,3,0.0463,19,0
75009,75013,2,8,3,0.0463,19,0
75009,75010,1,8,3,0.0463,19,0
75009,75013,1,8,4,0.0884,19,0
75009,75013,1,8,4,0.0884,19,0
75009,75010,1,8,4,0.0884,19,0
75007,75011,1,8,4,0.0884,19,0
75009,75013,2,8,4,0.0884,19,0
75009,75013,1,8,5,0.1414,19,0
75009,75010,1,8,5,0.1414,19,0
75013,75015,1,8,5,0.1414,19,0
75009,75018,1,8,5,0.1414,19,0
75009,75010,1,8,5,0.1414,19,0
75009,75013,1,8,6,0.1566,19,0
75009,75010,1,8,6,0.1566,19,0
75013,75015,1,8,6,0.1566,19,0
75009,75013,2,8,6,0.1566,19,0
75009,75013,2,8,6,0.1566,19,0
75009,75010,1,8,6,0.1566,19,0
75009,75010,1,8,8,0.1355,19,0
75013,75015,1,8,8,0.1355,19,0
75007,75011,1,8,8,0.1355,19,0
75009,75013,2,8,8,0.1355,19,0
75009,75018,1,8,8,0.1355,19,0
75009,75016,1,8,8,0.1355,19,0
75009,75010,1,8,9,0.1007,19,0
75013,75015,1,8,9,0.1007,19,0
75007,75011,1,8,9,0.1007,19,0
75009,75013,2,8,9,0.1007,19,0
75009,75018,1,8,9,0.1007,19,0
75013,75014,1,8,9,0.1007,19,0
75001,75014,1,8,9,0.1007,19,0
75009,75010,1,8,10,0.0719,19,0
75013,75015,1,8,10,0.0719,19,0
75007,75011,1,8,10,0.0719,19,0
75009,75013,2,8,10,0.0719,19,0
75009,75018,1,8,10,0.0719,19,0
75006,75012,1,8,10,0.0719,19,0
75001,75017,1,8,10,0.0719,19,0
75008,75009,1,8,10,0.0719,19,0
75009,75010,1,8,11,0.0398,19,0
75013,75015,1,8,11,0.0398,19,0
75007,75011,1,8,11,0.0398,19,0
75009,75013,2,8,11,0.0398,19,0
75009,75018,1,8,11,0.0398,19,0
75013,75017,1,8,11,0.0398,19,0
75012,75017,1,8,11,0.0398,19,0
75012,75012,1,8,11,0.0398,19,0
75011,75016,1,8,11,0.0398,19,0
75009,75010,1,8,12,0.0244,19,0
75013,75015,1,8,12,0.0244,19,0
75007,75011,1,8,12,0.0244,19,0
75009,75013,2,8,12,0.0244,19,0
75009,75018,1,8,12,0.0244,19,0
75002,75018,1,8,12,0.0244,19,0
75008,75018,1,8,12,0.0244,19,0
75009,75018,1,8,12,0.0244,19,0
75015,75017,1,8,12,0.0244,19,0
75001,75017,1,8,12,0.0244,19,0
75009,75010,1,8,13,0.0111,19,0
75013,75015,1,8,13,0.0111,19,0
75007,75011,1,8,13,0.0111,19,0
75009,75013,2,8,13,0.0111,19,0
75009,75018,1,8,13,0.0111,19,0
75001,75009,1,8,13,0.0111,19,0
75002,75013,1,8,13,0.0111,19,0
75001,75116,1,8,13,0.0111,19,0
75015,75016,1,8,13,0.0111,19,0
75001,75017,1,8,13,0.0111,19,0
75012,75019,1,8,13,0.0111,19,0
75009,75010,1,8,14,0.0067,19,0
75013,75015,1,8,14,0.0067,19,0
75007,75011,1,8,14,0.0067,19,0
75009,75013,2,8,14,0.0067,19,0
75009,75018,1,8,14,0.0067,19,0
75009,75011,1,8,14,0.0067,19,0
75008,75008,1,8,14,0.0067,19,0
75014,75014,1,8,14,0.0067,19,0
75008,75015,1,8,14,0.0067,19,0
75011,75017,1,8,14,0.0067,19,0
75012,75116,1,8,14,0.0067,19,0
75012,75016,1,8,14,0.0067,19,0
75009,75010,1,8,15,0.0022,19,0
75013,75015,1,8,15,0.0022,19,0
75007,75011,1,8,15,0.0022,19,0
75009,75013,2,8,15,0.0022,19,0
75009,75018,1,8,15,0.0022,19,0
75009,75013,1,8,15,0.0022,19,0
75008,75020,1,8,15,0.0022,19,0
75008,75019,1,8,15,0.0022,19,0
75004,75011,1,8,15,0.0022,19,0
75015,75116,1,8,15,0.0022,19,0
75003,75011,1,8,15,0.0022,19,0
75014,75020,1,8,15,0.0022,19,0
75009,75017,1,8,15,0.0022,19,0
75009,75010,1,8,16,0.0011,19,0
75013,75015,1,8,16,0.0011,19,0
75007,75011,1,8,16,0.0011,19,0
75009,75013,2,8,16,0.0011,19,0
75009,75018,1,8,16,0.0011,19,0
75006,75017,1,8,16,0.0011,19,0
75011,75012,1,8,16,0.0011,19,0
75003,75014,1,8,16,0.0011,19,0
75001,75008,1,8,16,0.0011,19,0
75013,75015,1,8,16,0.0011,19,0
75006,75018,1,8,16,0.0011,19,0
75002,75020,1,8,16,0.0011,19,0
75018,75020,1,8,16,0.0011,19,0
75001,75009,1,8,16,0.0011,19,0
75009,75010,1,8,17,0.0003,19,0
75013,75015,1,8,17,0.0003,19,0
75007,75011,1,8,17,0.0003,19,0
75009,75013,2,8,17,0.0003,19,0
75009,75018,1,8,17,0.0003,19,0
75009,75014,1,8,17,0.0003,19,0
75005,75015,1,8,17,0.0003,19,0
75008,75019,1,8,17,0.0003,19,0
75009,75018,1,8,17,0.0003,19,0
75015,75018,1,8,17,0.0003,19,0
75009,75012,1,8,17,0.0003,19,0
75009,75012,1,8,17,0.0003,19,0
75001,75004,1,8,17,0.0003,19,0
75011,75019,1,8,17,0.0003,19,0
75009,75015,1,8,17,0.0003,19,0
75009,75010,1,8,18,0.0002,19,0
75013,75015,1,8,18,0.0002,19,0
75007,75011,1,8,18,0.0002,19,0
75009,75013,2,8,18,0.0002,19,0
75009,75018,1,8,18,0.0002,19,0
75002,75017,1,8,18,0.0002,19,0
75012,75017,1,8,18,0.0002,19,0
75013,75018,1,8,18,0.0002,19,0
75011,75017,1,8,18,0.0002,19,0
75008,75014,1,8,18,0.0002,19,0
75007,75011,1,8,18,0.0002,19,0
75006,75008,1,8,18,0.0002,19,0
75006,75019,1,8,18,0.0002,19,0
75009,75017,1,8,18,0.0002,19,0
75013,75017,1,8,18,0.0002,19,0
75012,75013,1,8,18,0.0002,19,0
75009,75010,1,8,19,0.0001,19,0
75013,75015,1,8,19,0.0001,19,0
75007,75011,1,8,19,0.0001,19,0
75009,75013,2,8,19,0.0001,19,0
75009,75018,1,8,19,0.0001,19,0
75015,75020,1,8,19,0.0001,19,0
75013,75015,1,8,19,0.0001,19,0
75009,75018,1,8,19,0.0001,19,0
75010,75011,1,8,19,0.0001,19,0
75006,75008,1,8,19,0.0001,19,0
75014,75019,1,8,19,0.0001,19,0
75011,75018,1,8,19,0.0001,19,0
75005,75012,1,8,19,0.0001,19,0
75009,75012,1,8,19,0.0001,19,0
75001,75006,1,8,19,0.0001,19,0
75011,75012,1,8,19,0.0001,19,0
75006,75014,1,8,19,0.0001,19,0
75010,75011,1,9,2,0.0147,20,0
75010,75011,1,9,2,0.0147,20,0
75007,75017,1,9,2,0.0147,20,0
75010,75011,1,9,3,0.0422,20,0
75010,75011,2,9,3,0.0422,20,0
75016,75116,1,9,3,0.0422,20,0
75010,75011,1,9,4,0.0915,20,0
75008,75009,1,9,4,0.0915,20,0
75016,75116,1,9,4,0.0915,20,0
75007,75017,1,9,4,0.0915,20,0
75010,75011,1,9,5,0.1336,20,0
75008,75009,1,9,5,0.1336,20,0
75016,75116,1,9,5,0.1336,20,0
75008,75009,1,9,5,0.1336,20,0
75016,75116,1,9,5,0.1336,20,0
75010,75011,1,9,6,0.1616,20,0
75016,75116,1,9,6,0.1616,20,0
75007,75017,1,9,6,0.1616,20,0
75008,75009,1,9,6,0.1616,20,0
75008,75009,1,9,6,0.1616,20,0
75010,75011,2,9,6,0.1616,20,0
75010,75011,2,9,8,0.1395,20,0
75008,75009,1,9,8,0.1395,20,0
75010,75017,1,9,8,0.1395,20,0
75007,75017,1,9,8,0.1395,20,0
75016,75116,1,9,8,0.1395,20,0
75017,75116,1,9,8,0.1395,20,0
75010,75011,2,9,9,0.1017,20,0
75008,75009,1,9,9,0.1017,20,0
75010,75017,1,9,9,0.1017,20,0
75007,75017,1,9,9,0.1017,20,0
75016,75116,1,9,9,0.1017,20,0
75015,75016,1,9,9,0.1017,20,0
75003,75016,1,9,9,0.1017,20,0
75010,75011,2,9,10,0.0682,20,0
75008,75009,1,9,10,0.0682,20,0
75010,75017,1,9,10,0.0682,20,0
75007,75017,1,9,10,0.0682,20,0
75016,75116,1,9,10,0.0682,20,0
75015,75015,1,9,10,0.0682,20,0
75018,75018,1,9,10,0.0682,20,0
75001,75016,1,9,10,0.0682,20,0
75010,75011,2,9,11,0.0419,20,0
75008,75009,1,9,11,0.0419,20,0
75010,75017,1,9,11,0.0419,20,0
75007,75017,1,9,11,0.0419,20,0
75016,75116,1,9,11,0.0419,20,0
75015,75016,1,9,11,0.0419,20,0
75009,75014,1,9,11,0.0419,20,0
75007,75017,1,9,11,0.0419,20,0
75001,75001,1,9,11,0.0419,20,0
75010,75011,2,9,12,0.0211,20,0
75008,75009,1,9,12,0.0211,20,0
75010,75017,1,9,12,0.0211,20,0
75007,75017,1,9,12,0.0211,20,0
75016,75116,1,9,12,0.0211,20,0
75015,75017,1,9,12,0.0211,20,0
75009,75013,1,9,12,0.0211,20,0
75008,75009,1,9,12,0.0211,20,0
75012,75018,1,9,12,0.0211,20,0
75003,75012,1,9,12,0.0211,20,0
75010,75011,2,9,13,0.0111,20,0
75008,75009,1,9,13,0.0111,20,0
75010,75017,1,9,13,0.0111,20,0
75007,75017,1,9,13,0.0111,20,0
75016,75116,1,9,13,0.0111,20,0
75016,75017,1,9,13,0.0111,20,0
75005,75017,1,9,13,0.0111,20,0
75014,75015,1,9,13,0.0111,20,0
75014,75018,1,9,13,0.0111,20,0
75012,75016,1,9,13,0.0111,20,0
75006,75013,1,9,13,0.0111,20,0
75010,75011,2,9,14,0.0066,20,0
75008,75009,1,9,14,0.0066,20,0
75010,75017,1,9,14,0.0066,20,0
75007,75017,1,9,14,0.0066,20,0
75016,75116,1,9,14,0.0066,20,0
75008,75016,1,9,14,0.0066,20,0
75010,75019,1,9,14,0.0066,20,0
75015,75020,1,9,14,0.0066,20,0
75008,75009,1,9,14,0.0066,20,0
75019,75020,1,9,14,0.0066,20,0
75006,75008,1,9,14,0.0066,20,0
75008,75019,1,9,14,0.0066,20,0
75010,75011,2,9,15,0.002,20,0
75008,75009,1,9,15,0.002,20,0
75010,75017,1,9,15,0.002,20,0
75007,75017,1,9,15,0.002,20,0
75016,75116,1,9,15,0.002,20,0
75001,75011,1,9,15,0.002,20,0
75009,75014,1,9,15,0.002,20,0
75001,75016,1,9,15,0.002,20,0
75001,75019,1,9,15,0.002,20,0
75009,75015,1,9,15,0.002,20,0
75009,75015,1,9,15,0.002,20,0
75015,75019,1,9,15,0.002,20,0
75003,75018,1,9,15,0.002,20,0
75010,75011,2,9,16,0.0007,20,0
75008,75009,1,9,16,0.0007,20,0
75010,75017,1,9,16,0.0007,20,0
75007,75017,1,9,16,0.0007,20,0
75016,75116,1,9,16,0.0007,20,0
75008,75017,1,9,16,0.0007,20,0
75015,75017,1,9,16,0.0007,20,0
75012,75013,1,9,16,0.0007,20,0
75001,75019,1,9,16,0.0007,20,0
75008,75014,1,9,16,0.0007,20,0
75008,75012,1,9,16,0.0007,20,0
75014,75020,1,9,16,0.0007,20,0
75004,75017,1,9,16,0.0007,20,0
75012,75116,1,9,16,0.0007,20,0
75010,75011,2,9,17,0.0003,20,0
75008,75009,1,9,17,0.0003,20,0
75010,75017,1,9,17,0.0003,20,0
75007,75017,1,9,17,0.0003,20,0
75016,75116,1,9,17,0.0003,20,0
75007,75009,1,9,17,0.0003,20,0
75006,75013,1,9,17,0.0003,20,0
75009,75016,1,9,17,0.0003,20,0
75010,75017,1,9,17,0.0003,20,0
75011,75015,1,9,17,0.0003,20,0
75008,75011,1,9,17,0.0003,20,0
75016,75017,1,9,17,0.0003,20,0
75008,75014,1,9,17,0.0003,20,0
75001,75009,1,9,17,0.0003,20,0
75001,75007,1,9,17,0.0003,20,0
75010,75011,2,9,18,0.0001,20,0
75008,75009,1,9,18,0.0001,20,0
75010,75017,1,9,18,0.0001,20,0
75007,75017,1,9,18,0.0001,20,0
75016,75116,1,9,18,0.0001,20,0
75011,75011,1,9,18,0.0001,20,0
75007,75008,1,9,18,0.0001,20,0
75009,75020,1,9,18,0.0001,20,0
75010,75010,1,9,18,0.0001,20,0
75017,75020,1,9,18,0.0001,20,0
75006,75013,1,9,18,0.0001,20,0
75007,75012,1,9,18,0.0001,20,0
75003,75014,1,9,18,0.0001,20,0
75014,75017,1,9,18,0.0001,20,0
75014,75019,1,9,18,0.0001,20,0
75014,75015,1,9,18,0.0001,20,0
75001,75014,1,9,18,0.0001,20,0
75010,75011,2,9,19,0.0001,20,0
75008,75009,1,9,19,0.0001,20,0
75010,75017,1,9,19,0.0001,20,0
75007,75017,1,9,19,0.0001,20,0
75016,75116,1,9,19,0.0001,20,0
75001,75014,1,9,19,0.0001,20,0
75007,75008,1,9,19,0.0001,20,0
75001,75011,1,9,19,0.0001,20,0
75007,75012,1,9,19,0.0001,20,0
75008,75011,1,9,19,0.0001,20,0
75009,75014,1,9,19,0.0001,20,0
75008,75009,1,9,19,0.0001,20,0
75009,75016,1,9,19,0.0001,20,0
75020,75116,1,9,19,0.0001,20,0
75012,75016,1,9,19,0.0001,20,0
75001,75014,1,9,19,0.0001,20,0
75009,75017,1,9,19,0.0001,20,0
75011,75012,1,9,19,0.0001,20,0
75010,75011,2,9,20,0.0001,20,0
75008,75009,1,9,20,0.0001,20,0
75010,75017,1,9,20,0.0001,20,0
75007,75017,1,9,20,0.0001,20,0
75016,75116,1,9,20,0.0001,20,0
75009,75116,1,9,20,0.0001,20,0
75015,75017,1,9,20,0.0001,20,0
75008,75019,1,9,20,0.0001,20,0
75010,75015,1,9,20,0.0001,20,0
75001,75016,1,9,20,0.0001,20,0
75017,75020,1,9,20,0.0001,20,0
75001,75003,1,9,20,0.0001,20,0
75002,75009,1,9,20,0.0001,20,0
75009,75014,1,9,20,0.0001,20,0
75019,75020,1,9,20,0.0001,20,0
75006,75009,1,9,20,0.0001,20,0
75011,75116,1,9,20,0.0001,20,0
75009,75018,1,9,20,0.0001,20,0
75011,75017,1,9,20,0.0001,20,0
75008,75013,2,10,2,0.0152,18,0
75008,75013,2,10,2,0.0152,18,0
75008,75013,3,10,2,0.0152,18,0
75008,75013,2,10,3,0.047,18,0
75008,75013,3,10,3,0.047,18,0
75001,75019,1,10,3,0.047,18,0
75008,75013,2,10,4,0.0894,18,0
75008,75013,3,10,4,0.0894,18,0
75008,75013,3,10,4,0.0894,18,0
75008,75013,3,10,4,0.0894,18,0
75008,75013,2,10,5,0.135,18,0
75006,75015,1,10,5,0.135,18,0
75001,75019,1,10,5,0.135,18,0
75001,75019,1,10,5,0.135,18,0
75001,75019,1,10,5,0.135,18,0
75008,75013,2,10,6,0.1619,18,0
75006,75015,1,10,6,0.1619,18,0
75008,75013,3,10,6,0.1619,18,0
75006,75015,1,10,6,0.1619,18,0
75006,75015,1,10,6,0.1619,18,0
75003,75011,1,10,6,0.1619,18,0
75003,75011,1,10,8,0.1378,18,0
75006,75015,1,10,8,0.1378,18,0
75001,75019,1,10,8,0.1378,18,0
75008,75013,3,10,8,0.1378,18,0
75008,75017,1,10,8,0.1378,18,0
75003,75011,1,10,9,0.1032,18,0
75006,75015,1,10,9,0.1032,18,0
75001,75019,1,10,9,0.1032,18,0
75008,75013,3,10,9,0.1032,18,0
75003,75006,1,10,9,0.1032,18,0
75007,75020,1,10,9,0.1032,18,0
75003,75011,1,10,10,0.0666,18,0
75006,75015,1,10,10,0.0666,18,0
75001,75019,1,10,10,0.0666,18,0
75008,75013,3,10,10,0.0666,18,0
75003,75017,1,10,10,0.0666,18,0
75017,75018,1,10,10,0.0666,18,0
75017,75017,1,10,10,0.0666,18,0
75003,75011,1,10,11,0.0407,18,0
75006,75015,1,10,11,0.0407,18,0
75001,75019,1,10,11,0.0407,18,0
75008,75013,3,10,11,0.0407,18,0
75011,75017,1,10,11,0.0407,18,0
75015,75020,1,10,11,0.0407,18,0
75005,75011,1,10,11,0.0407,18,0
75013,75116,1,10,11,0.0407,18,0
75003,75011,1,10,12,0.023,18,0
75006,75015,1,10,12,0.023,18,0
75001,75019,1,10,12,0.023,18,0
75008,75013,3,10,12,0.023,18,0
75008,75020,1,10,12,0.023,18,0
75011,75017,1,10,12,0.023,18,0
75017,75020,1,10,12,0.023,18,0
75002,75013,1,10,12,0.023,18,0
75003,75012,1,10,12,0.023,18,0
75003,75011,1,10,13,0.0105,18,0
75006,75015,1,10,13,0.0105,18,0
75001,75019,1,10,13,0.0105,18,0
75008,75013,3,10,13,0.0105,18,0
75011,75017,1,10,13,0.0105,18,0
75016,75020,1,10,13,0.0105,18,0
75011,75015,1,10,13,0.0105,18,0
75003,75009,1,10,13,0.0105,18,0
75001,75116,1,10,13,0.0105,18,0
75003,75015,1,10,13,0.0105,18,0
75003,75011,1,10,14,0.0055,18,0
75006,75015,1,10,14,0.0055,18,0
75001,75019,1,10,14,0.0055,18,0
75008,75013,3,10,14,0.0055,18,0
75006,75009,1,10,14,0.0055,18,0
75009,75014,1,10,14,0.0055,18,0
75009,75019,1,10,14,0.0055,18,0
75009,75010,1,10,14,0.0055,18,0
75006,75019,1,10,14,0.0055,18,0
75009,75017,1,10,14,0.0055,18,0
75008,75018,1,10,14,0.0055,18,0
75003,75011,1,10,15,0.0022,18,0
75006,75015,1,10,15,0.0022,18,0
75001,75019,1,10,15,0.0022,18,0
75008,75013,3,10,15,0.0022,18,0
75007,75009,1,10,15,0.0022,18,0
75008,75017,1,10,15,0.0022,18,0
75005,75014,1,10,15,0.0022,18,0
75016,75016,1,10,15,0.0022,18,0
75001,75012,1,10,15,0.0022,18,0
75008,75012,1,10,15,0.0022,18,0
75001,75017,1,10,15,0.0022,18,0
75009,75016,1,10,15,0.0022,18,0
75003,75011,1,10,16,0.0006,18,0
75006,75015,1,10,16,0.0006,18,0
75001,75019,1,10,16,0.0006,18,0
75008,75013,3,10,16,0.0006,18,0
75016,75018,1,10,16,0.0006,18,0
75018,75020,1,10,16,0.0006,18,0
75012,75017,1,10,16,0.0006,18,0
75009,75015,1,10,16,0.0006,18,0
75009,75014,1,10,16,0.0006,18,0
75018,75019,1,10,16,0.0006,18,0
75009,75019,1,10,16,0.0006,18,0
75015,75017,1,10,16,0.0006,18,0
75006,75019,1,10,16,0.0006,18,0
75003,75011,1,10,17,0.0001,18,0
75006,75015,1,10,17,0.0001,18,0
75001,75019,1,10,17,0.0001,18,0
75008,75013,3,10,17,0.0001,18,0
75016,75020,1,10,17,0.0001,18,0
75006,75013,1,10,17,0.0001,18,0
75007,75011,1,10,17,0.0001,18,0
75002,75010,1,10,17,0.0001,18,0
75005,75011,1,10,17,0.0001,18,0
75015,75018,1,10,17,0.0001,18,0
75008,75009,1,10,17,0.0001,18,0
75009,75016,1,10,17,0.0001,18,0
75008,75011,1,10,17,0.0001,18,0
75014,75014,1,10,17,0.0001,18,0
75003,75011,1,10,18,0.0002,18,0
75006,75015,1,10,18,0.0002,18,0
75001,75019,1,10,18,0.0002,18,0
75008,75013,3,10,18,0.0002,18,0
75011,75012,1,10,18,0.0002,18,0
75006,75011,1,10,18,0.0002,18,0
75014,75017,1,10,18,0.0002,18,0
75006,75009,1,10,18,0.0002,18,0
75001,75009,1,10,18,0.0002,18,0
75008,75009,1,10,18,0.0002,18,0
75002,75011,1,10,18,0.0002,18,0
75009,75011,1,10,18,0.0002,18,0
75011,75020,1,10,18,0.0002,18,0
75008,75008,1,10,18,0.0002,18,0
75010,75011,1,10,18,0.0002,18,0
75011,75018,1,11,2,0.0328,16,0
75011,75018,1,11,2,0.0328,16,0
75011,75018,2,11,2,0.0328,16,0
75011,75018,1,11,3,0.0808,16,0
75011,75018,1,11,3,0.0808,16,0
75011,75018,1,11,3,0.0808,16,0
75016,75019,1,11,3,0.0808,16,0
75011,75018,2,11,3,0.0808,16,0
75011,75018,1,11,4,0.1361,16,0
75008,75016,1,11,4,0.1361,16,0
75008,75016,1,11,4,0.1361,16,0
75008,75016,1,11,4,0.1361,16,0
75011,75018,1,11,5,0.1782,16,0
75001,75008,1,11,5,0.1782,16,0
75016,75019,1,11,5,0.1782,16,0
75008,75016,1,11,5,0.1782,16,0
75001,75008,1,11,5,0.1782,16,0
75001,75008,1,11,7,0.1472,16,0
75008,75016,1,11,7,0.1472,16,0
75016,75019,1,11,7,0.1472,16,0
75011,75018,2,11,7,0.1472,16,0
75002,75015,1,11,7,0.1472,16,0
75001,75008,1,11,8,0.1092,16,0
75008,75016,1,11,8,0.1092,16,0
75016,75019,1,11,8,0.1092,16,0
75011,75018,2,11,8,0.1092,16,0
75016,75017,1,11,8,0.1092,16,0
75011,75013,1,11,8,0.1092,16,0
75001,75008,1,11,9,0.0685,16,0
75008,75016,1,11,9,0.0685,16,0
75016,75019,1,11,9,0.0685,16,0
75011,75018,2,11,9,0.0685,16,0
75008,75009,1,11,9,0.0685,16,0
75008,75014,1,11,9,0.0685,16,0
75008,75017,1,11,9,0.0685,16,0
75001,75008,1,11,10,0.0333,16,0
75008,75016,1,11,10,0.0333,16,0
75016,75019,1,11,10,0.0333,16,0
75011,75018,2,11,10,0.0333,16,0
75010,75015,1,11,10,0.0333,16,0
75015,75017,1,11,10,0.0333,16,0
75006,75015,1,11,10,0.0333,16,0
75001,75020,1,11,10,0.0333,16,0
75001,75008,1,11,11,0.0165,16,0
75008,75016,1,11,11,0.0165,16,0
75016,75019,1,11,11,0.0165,16,0
75011,75018,2,11,11,0.0165,16,0
75010,75014,1,11,11,0.0165,16,0
75016,75016,1,11,11,0.0165,16,0
75005,75011,1,11,11,0.0165,16,0
75009,75014,1,11,11,0.0165,16,0
75019,75020,1,11,11,0.0165,16,0
75001,75008,1,11,12,0.0078,16,0
75008,75016,1,11,12,0.0078,16,0
75016,75019,1,11,12,0.0078,16,0
75011,75018,2,11,12,0.0078,16,0
75014,75018,1,11,12,0.0078,16,0
75008,75014,1,11,12,0.0078,16,0
75008,75020,1,11,12,0.0078,16,0
75013,75014,1,11,12,0.0078,16,0
75002,75015,1,11,12,0.0078,16,0
75008,75011,1,11,12,0.0078,16,0
75001,75008,1,11,13,0.0039,16,0
75008,75016,1,11,13,0.0039,16,0
75016,75019,1,11,13,0.0039,16,0
75011,75018,2,11,13,0.0039,16,0
75003,75020,1,11,13,0.0039,16,0
75008,75012,1,11,13,0.0039,16,0
75011,75015,1,11,13,0.0039,16,0
75015,75116,1,11,13,0.0039,16,0
75011,75014,1,11,13,0.0039,16,0
75013,75014,1,11,13,0.0039,16,0
75008,75009,1,11,13,0.0039,16,0
75001,75008,1,11,14,0.0017,16,0
75008,75016,1,11,14,0.0017,16,0
75016,75019,1,11,14,0.0017,16,0
75011,75018,2,11,14,0.0017,16,0
75007,75011,1,11,14,0.0017,16,0
75007,75009,1,11,14,0.0017,16,0
75010,75016,1,11,14,0.0017,16,0
75010,75015,1,11,14,0.0017,16,0
75001,75014,1,11,14,0.0017,16,0
75003,75015,1,11,14,0.0017,16,0
75008,75015,1,11,14,0.0017,16,0
75008,75011,1,11,14,0.0017,16,0
75001,75008,1,11,15,0.001,16,0
75008,75016,1,11,15,0.001,16,0
75016,75019,1,11,15,0.001,16,0
75011,75018,2,11,15,0.001,16,0
75014,75015,1,11,15,0.001,16,0
75010,75012,1,11,15,0.001,16,0
75009,75014,1,11,15,0.001,16,0
75007,75011,1,11,15,0.001,16,0
75007,75015,1,11,15,0.001,16,0
75001,75020,1,11,15,0.001,16,0
75001,75011,1,11,15,0.001,16,0
75014,75015,1,11,15,0.001,16,0
75008,75015,1,11,15,0.001,16,0
75001,75008,1,11,16,0.0002,16,0
75008,75016,1,11,16,0.0002,16,0
75016,75019,1,11,16,0.0002,16,0
75011,75018,2,11,16,0.0002,16,0
75020,75020,1,11,16,0.0002,16,0
75013,75016,1,11,16,0.0002,16,0
75009,75013,1,11,16,0.0002,16,0
75011,75017,1,11,16,0.0002,16,0
75002,75009,1,11,16,0.0002,16,0
75001,75015,1,11,16,0.0002,16,0
75006,75011,1,11,16,0.0002,16,0
75009,75011,1,11,16,0.0002,16,0
75008,75011,1,11,16,0.0002,16,0
75009,75011,1,11,16,0.0002,16,0
75015,75018,1,12,2,0.0717,14,0
75011,75016,1,12,3,0.1473,14,0
75011,75016,1,12,3,0.1473,14,0
75011,75019,1,12,4,0.1939,14,0
75011,75016,1,12,4,0.1939,14,0
75011,75016,1,12,4,0.1939,14,0
75011,75016,1,12,6,0.16,14,0
75011,75019,1,12,6,0.16,14,0
75015,75018,1,12,6,0.16,14,0
75009,75009,1,12,6,0.16,14,0
75008,75009,1,12,6,0.16,14,0
75011,75016,1,12,7,0.1011,14,0
75011,75019,1,12,7,0.1011,14,0
75015,75018,1,12,7,0.1011,14,0
75009,75009,1,12,7,0.1011,14,0
75006,75016,1,12,7,0.1011,14,0
75009,75019,1,12,7,0.1011,14,0
75011,75016,1,12,8,0.0593,14,0
75011,75019,1,12,8,0.0593,14,0
75015,75018,1,12,8,0.0593,14,0
75009,75009,1,12,8,0.0593,14,0
75005,75009,1,12,8,0.0593,14,0
75011,75017,1,12,8,0.0593,14,0
75002,75013,1,12,8,0.0593,14,0
75011,75016,1,12,9,0.0308,14,0
75011,75019,1,12,9,0.0308,14,0
75015,75018,1,12,9,0.0308,14,0
75009,75009,1,12,9,0.0308,14,0
75001,75014,1,12,9,0.0308,14,0
75011,75017,1,12,9,0.0308,14,0
75009,75014,1,12,9,0.0308,14,0
75001,75013,1,12,9,0.0308,14,0
75011,75016,1,12,10,0.014,14,0
75011,75019,1,12,10,0.014,14,0
75015,75018,1,12,10,0.014,14,0
75009,75009,1,12,10,0.014,14,0
75009,75014,1,12,10,0.014,14,0
75012,75018,1,12,10,0.014,14,0
75014,75019,1,12,10,0.014,14,0
75011,75018,1,12,10,0.014,14,0
75001,75116,1,12,10,0.014,14,0
75011,75016,1,12,11,0.0043,14,0
75011,75019,1,12,11,0.0043,14,0
75015,75018,1,12,11,0.0043,14,0
75009,75009,1,12,11,0.0043,14,0
75001,75015,1,12,11,0.0043,14,0
75009,75009,1,12,11,0.0043,14,0
75001,75003,1,12,11,0.0043,14,0
75011,75018,1,12,11,0.0043,14,0
75011,75016,1,12,11,0.0043,14,0
75012,75018,1,12,11,0.0043,14,0
75011,75016,1,12,12,0.002,14,0
75011,75019,1,12,12,0.002,14,0
75015,75018,1,12,12,0.002,14,0
75009,75009,1,12,12,0.002,14,0
75009,75011,1,12,12,0.002,14,0
75009,75017,1,12,12,0.002,14,0
75002,75011,1,12,12,0.002,14,0
75011,75116,1,12,12,0.002,14,0
75013,75014,1,12,12,0.002,14,0
75011,75017,1,12,12,0.002,14,0
75010,75012,1,12,12,0.002,14,0
75011,75016,1,12,13,0.0004,14,0
75011,75019,1,12,13,0.0004,14,0
75015,75018,1,12,13,0.0004,14,0
75009,75009,1,12,13,0.0004,14,0
75008,75013,1,12,13,0.0004,14,0
75001,75018,1,12,13,0.0004,14,0
75003,75116,1,12,13,0.0004,14,0
75016,75017,1,12,13,0.0004,14,0
75010,75015,1,12,13,0.0004,14,0
75009,75015,1,12,13,0.0004,14,0
75006,75017,1,12,13,0.0004,14,0
75010,75018,1,12,13,0.0004,14,0
75011,75016,1,12,14,0.0004,14,0
75011,75019,1,12,14,0.0004,14,0
75015,75018,1,12,14,0.0004,14,0
75009,75009,1,12,14,0.0004,14,0
75007,75009,1,12,14,0.0004,14,0
75008,75116,1,12,14,0.0004,14,0
75013,75020,1,12,14,0.0004,14,0
75018,75116,1,12,14,0.0004,14,0
75006,75014,1,12,14,0.0004,14,0
75006,75011,1,12,14,0.0004,14,0
75008,75017,1,12,14,0.0004,14,0
75009,75013,1,12,14,0.0004,14,0
75008,75010,1,12,14,0.0004,14,0
75009,75019,1,13,2,0.1515,11,0
75009,75019,1,13,3,0.2134,11,0
75009,75014,1,13,3,0.2134,11,0
75009,75014,1,13,5,0.1748,11,0
75009,75019,1,13,5,0.1748,11,0
75011,75018,1,13,5,0.1748,11,0
75006,75016,1,13,5,0.1748,11,0
75009,75014,1,13,6,0.1042,11,0
75009,75019,1,13,6,0.1042,11,0
75011,75018,1,13,6,0.1042,11,0
75007,75011,1,13,6,0.1042,11,0
75006,75006,1,13,6,0.1042,11,0
75009,75014,1,13,7,0.051,11,0
75009,75019,1,13,7,0.051,11,0
75011,75018,1,13,7,0.051,11,0
75007,75015,1,13,7,0.051,11,0
75008,75008,1,13,7,0.051,11,0
75013,75018,1,13,7,0.051,11,0
75009,75014,1,13,8,0.0219,11,0
75009,75019,1,13,8,0.0219,11,0
75011,75018,1,13,8,0.0219,11,0
75008,75008,1,13,8,0.0219,11,0
75015,75017,1,13,8,0.0219,11,0
75014,75015,1,13,8,0.0219,11,0
75017,75020,1,13,8,0.0219,11,0
75009,75014,1,13,9,0.0085,11,0
75009,75019,1,13,9,0.0085,11,0
75011,75018,1,13,9,0.0085,11,0
75018,75020,1,13,9,0.0085,11,0
75019,75020,1,13,9,0.0085,11,0
75008,75018,1,13,9,0.0085,11,0
75014,75015,1,13,9,0.0085,11,0
75011,75015,1,13,9,0.0085,11,0
75009,75014,1,13,10,0.0024,11,0
75009,75019,1,13,10,0.0024,11,0
75011,75018,1,13,10,0.0024,11,0
75006,75017,1,13,10,0.0024,11,0
75002,75011,1,13,10,0.0024,11,0
75011,75013,1,13,10,0.0024,11,0
75011,75014,1,13,10,0.0024,11,0
75011,75017,1,13,10,0.0024,11,0
75001,75008,1,13,10,0.0024,11,0
75009,75014,1,13,11,0.0008,11,0
75009,75019,1,13,11,0.0008,11,0
75011,75018,1,13,11,0.0008,11,0
75014,75017,1,13,11,0.0008,11,0
75008,75009,1,13,11,0.0008,11,0
75006,75015,1,13,11,0.0008,11,0
75009,75011,1,13,11,0.0008,11,0
75008,75016,1,13,11,0.0008,11,0
75015,75015,1,13,11,0.0008,11,0
75010,75014,1,13,11,0.0008,11,0
75011,75014,1,14,3,0.1825,4,0
75002,75015,1,14,3,0.1825,4,0
75011,75014,1,14,4,0.0582,4,0
75015,75019,1,14,4,0.0582,4,0
75008,75009,1,14,4,0.0582,4,0
75008,75020,1,15,3,0.1837,4,0
75001,75013,1,15,3,0.1837,4,0
75008,75020,1,15,4,0.0638,4,0
75009,75011,1,15,4,0.0638,4,0
75015,75116,1,15,4,0.0638,4,0
